patient_id,fname,lname,email,phone_number,gender,bdate,address
P001,John,Doe,johndoe@email.com,1234567890,M,1990-05-15,123 Main St
P002,Jane,Smith,janesmith@email.com,9876543210,F,1985-08-22,456 Oak St
P003,Mark,Johnson,markjohnson@email.com,5551234567,M,1978-12-03,789 Pine St
P004,Emma,White,emmawhite@email.com,3334445555,F,1995-02-28,567 Maple St
P005,David,Miller,davidmiller@email.com,8889990000,M,1980-06-10,890 Birch St
P006,Sophia,Clark,sophiaclark@email.com,2223334444,F,1992-11-20,678 Cedar St
P007,James,Ward,jamesward@email.com,6667778888,M,1975-04-08,345 Pine St
P008,Lily,Carter,lilycarter@email.com,9990001111,F,1988-09-15,456 Elm St
P009,Andrew,Brown,andrewbrown@email.com,1112223333,M,1983-03-05,234 Oak St
P010,Olivia,Hill,oliviahill@email.com,4445556666,F,1997-07-18,789 Maple St
P011,Michael,Turner,michaelturner@email.com,7778889999,M,1982-01-25,567 Birch St
P012,Grace,Evans,graceevans@email.com,3332221111,F,1993-04-12,890 Cedar St
P013,Nathan,Johnson,nathanjohnson@email.com,5554443333,M,1976-08-17,678 Pine St
P014,Abigail,Watson,abigailwatson@email.com,1110009999,F,1994-12-08,123 Elm St
P015,Christopher,Moore,christophermoore@email.com,9998887777,M,1987-02-14,456 Oak St
P016,Ava,Brown,avabrown@email.com,8887776666,F,1991-06-30,789 Cedar St
P017,Matthew,Harris,matthewharris@email.com,6665554444,M,1979-10-23,234 Pine St
P018,Emily,Garcia,emilygarcia@email.com,4443332222,F,1984-03-16,567 Elm St
P019,Daniel,Adams,danieladams@email.com,2221110000,M,1989-07-01,890 Maple St
P020,Sophie,Wright,sophiewright@email.com,7776665555,F,1996-11-04,123 Birch St
P021,Benjamin,Fisher,benjaminfisher@email.com,3334445555,M,1981-05-19,456 Cedar St
P022,Chloe,Ward,chloeward@email.com,9990001111,F,1986-09-26,789 Elm St
P023,Christopher,Roberts,christopherroberts@email.com,1112223333,M,1998-02-09,234 Maple St
P024,Amelia,Scott,ameliascott@email.com,4445556666,F,1977-06-24,567 Pine St
P025,Joseph,Hall,josephhall@email.com,8889990000,M,1992-12-13,890 Elm St
P026,Grace,Morgan,gracemorgan@email.com,2223334444,F,1983-04-05,678 Maple St
P027,Logan,Clark,loganclark@email.com,6667778888,M,1988-08-20,345 Cedar St
P028,Hannah,Cooper,hannahcooper@email.com,9990001111,F,1995-01-14,456 Pine St
P029,Aiden,Smith,aidensmith@email.com,1112223333,M,1974-03-29,789 Oak St
P030,Scarlett,Williams,scarlettwilliams@email.com,4445556666,F,1990-07-22,234 Cedar St
P031,Elijah,Turner,elijahturner@email.com,7778889999,M,1985-11-03,567 Elm St
P032,Avery,Kelly,averykelly@email.com,3332221111,F,1996-02-16,890 Pine St
P033,Oliver,Johnson,oliverjohnson@email.com,5554443333,M,1979-06-09,123 Cedar St
P034,Sofia,Davis,sofiadavis@email.com,1110009999,F,1992-10-24,456 Pine St
P035,Liam,Hill,liamhill@email.com,9998887777,M,1987-03-17,789 Elm St
P036,Ella,Lewis,ellalewis@email.com,8887776666,F,1984-08-30,234 Maple St
P037,Isaac,Miller,isaacmiller@email.com,6665554444,M,1991-01-13,567 Birch St
P038,Mia,Collins,miacollins@email.com,4443332222,F,1976-04-26,890 Pine St
P039,Ethan,Robinson,ethanrobinson@email.com,2221110000,M,1989-09-09,123 Oak St
P040,Ava,Reed,avareed@email.com,7776665555,F,1994-12-02,456 Cedar St
P041,Andrew,Morris,andrewmorris@email.com,3334445555,M,1981-05-17,789 Birch St
P042,Lily,Ward,lilyward@email.com,9990001111,F,1986-09-22,234 Cedar St
P043,William,Gomez,williamgomez@email.com,1112223333,M,1998-02-07,567 Elm St
P044,Sophia,Cruz,sophiacruz@email.com,4445556666,F,1977-06-20,890 Maple St
P045,Mason,Cooper,masoncooper@email.com,8889990000,M,1992-12-17,123 Pine St
P046,Ella,Kelly,ellakelly@email.com,2223334444,F,1983-04-03,456 Cedar St
P047,Logan,Fisher,loganfisher@email.com,6667778888,M,1988-08-18,789 Elm St
P048,Chloe,Turner,chloeturner@email.com,9990001111,F,1995-01-11,234 Pine St
P049,Carter,Roberts,carterroberts@email.com,1112223333,M,1974-03-26,567 Elm St
P050,Scarlett,Hill,scarletthill@email.com,4445556666,F,1990-07-20,890 Cedar St